n_turn,response_length,informativeness
1.0,18.0,97.28503923053503
2.0,22.0,225.2048045987256
3.0,25.0,158.44394777880487
4.0,13.0,152.2310069011886
5.0,15.0,7.037181261183094
6.0,22.0,206.73793632014653
7.0,9.0,75.54980400107394
8.0,6.0,56.22031839478411
9.0,18.0,204.19453717336089
10.0,12.0,34.96996402474679
